Metric,Score
Accuracy (Final),0.9729166666666667
Precision (Final),0.9730705266506238
Recall (Final),0.9729166666666667
F1 Score (Final),0.9728831195879736
ROC AUC (Final),0.9976375211896492
