Metric,Score
Accuracy (OOF),0.8854166666666666
Precision (OOF),0.8857991736827695
Recall (OOF),0.8854166666666666
F1 Score (OOF),0.8850705197555353
ROC AUC (OOF),0.9235272459641704
