Metric,Score
Accuracy,0.975
Precision,0.9750091294396394
Recall,0.975
F1 Score,0.9749873458155193
ROC AUC,0.9969353336127498
