Metric,Score
Accuracy,0.9729166666666667
Precision,0.9730705266506238
Recall,0.9729166666666667
F1 Score,0.9728831195879736
ROC AUC,0.9976375211896492
